"season","Summary_type","Species","cld","dtr","frs","pet","pet_sum","PETminusPRE","pre","tmn","tmp","tmx","vap","wet","PCP","PDSI","PDSI_prewhiten","PHDI","PHDI_prewhiten","PMDI","PMDI_prewhiten","SP01","TAVG","TMAX","TMIN","ZNDX"
"all_seasons","Sum of all absolute correlations","All",32.7735592226519,29.5838586378933,8.04068044635424,29.5723456047802,29.5553135824091,28.6617235676033,25.7576141880266,21.0836727635846,22.8864876278343,25.3159229233761,19.8524221360988,28.4961664429688,24.6462589958496,24.8564321144445,23.7897088475225,23.4508336829595,25.3002666804759,26.7579952396291,25.2378161239822,26.4430895188913,23.0012954592995,26.4088063349845,20.5854712973743,28.5791111459758
"all_seasons","Count of Significant correlations","All",46,39,1,37,35,33,23,9,16,19,12,30,20,23,26,19,29,24,21,21,16,22,7,30
"all_seasons","Sum of absolute significant correlations","All",18.502441642534,14.4992600827198,0.313313957287412,14.7516717499475,13.9272992201407,13.3536167380901,8.87811198641153,3.59840383148659,6.10955034442106,7.58601193575873,4.91323066757812,11.7936518971528,7.77749298399707,9.76883569299961,9.74733728467692,8.23264096222822,10.4650527439297,10.6015866274425,8.02232572438076,8.36008270532732,6.27570852706401,9.04048467910455,2.94603341862132,12.0962368807246
"curr_growing_season_only","Sum of all absolute correlations","All",11.276059417599,8.99020273457708,0.619819898447274,11.5069821100809,11.6251501500121,9.46356937120999,7.87890739915608,5.51617241392443,7.55633625686531,9.30873143741417,4.83230328621879,8.85950717277511,7.54271813551266,11.441721229049,8.81005449156341,10.6208299952088,8.72464326112752,11.6907144454883,7.97911372795826,7.89427607209901,7.99454031981911,10.5772244110584,5.40439007465692,10.0752276418405
"curr_growing_season_only","Count of Significant correlations","All",19,12,0,19,17,13,6,3,10,13,2,10,6,17,12,15,11,17,9,4,10,16,2,14
"curr_growing_season_only","Sum of absolute significant correlations","All",8.124797965991,4.45879447884697,NA,8.17616371590274,7.34797104933164,5.51298793856638,2.63292269722954,1.15044508696276,3.89110765473016,5.34183692826694,0.71723464021318,4.06098427996044,2.46877641622908,7.97102201922224,4.97031070372109,6.88261473665376,4.51187796584035,8.27623856397281,3.70898691798229,1.79662447370226,3.99172173650613,6.84911285329623,0.7637309855978,6.0548171634222
