"season","Summary_type","Species","cld","dtr","frs","pet","pet_sum","PETminusPRE","pre","tmn","tmp","tmx","vap","wet","PCP","PDSI","PDSI_prewhiten","PHDI","PHDI_prewhiten","PMDI","PMDI_prewhiten","SP01","TAVG","TMAX","TMIN","ZNDX"
"all_seasons","Sum of all absolute correlations","All",32.5300676638907,29.6441482523247,8.19517730346892,29.5832183887306,29.4199646893115,28.5798368553412,25.8211918739747,21.1999312241379,22.6373639494415,25.4700552441147,19.7693859909547,28.3052810055291,24.719304818985,24.6321887244451,23.8210621044581,23.1702226690878,25.4564475364598,26.6658371703888,25.3778120446427,26.4683245105267,22.9097090800465,26.478287987905,20.441006606616,28.6312211156706
"all_seasons","Count of Significant correlations","All",47,39,1,37,37,29,24,7,13,17,12,30,21,21,27,17,30,21,20,22,14,25,7,26
"all_seasons","Sum of absolute significant correlations","All",18.9780119343976,14.5061049856752,0.314253824283387,14.6177702299642,14.6023028487986,11.9539020484911,9.22212083451116,2.94664759366604,5.10017308201096,6.84404319903297,4.94428499083882,11.7475959003583,7.99350040665891,9.15583551660925,10.0814823879983,7.4826067311877,10.8985694647873,9.65110553496127,7.74243549304355,8.65273877027438,5.56639472512376,10.243077786349,2.93661817509025,10.6869768858594
"curr_growing_season_only","Sum of all absolute correlations","All",11.1512902867684,8.96629373179109,0.632418280447784,11.4414552730029,11.4267135733406,9.46721512791441,7.90033261671912,5.55835916324716,7.43423321750475,9.38014870451054,4.91474564587915,8.86003931961221,7.46044980108085,11.369163918806,8.80543575877573,10.5124082004268,8.77462557822486,11.7494668662543,8.01612057521605,7.87951005175892,8.00672278806828,10.483418565271,5.34467461056662,10.1341776864483
"curr_growing_season_only","Count of Significant correlations","All",20,13,0,18,18,12,8,2,8,13,1,11,5,16,12,13,12,16,8,5,10,16,3,12
"curr_growing_season_only","Sum of absolute significant correlations","All",8.4334657256735,4.77899453746451,NA,7.70591732773163,7.71031682550284,5.1658332127062,3.3255695947895,0.810301688436175,3.22094200242114,5.35096670264738,0.437895351946617,4.4300343546926,2.0933468557701,7.6350727664963,4.98749109075354,6.12732496239707,4.89187299835006,7.95656481898618,3.38732233766031,2.08552516736896,3.96778806066104,6.95647151426905,1.0767661920529,5.38589125109842
