"season","Summary_type","Species","cld","dtr","frs","pet","pet_sum","PETminusPRE","pre","tmn","tmp","tmx","vap","wet","PCP","PDSI","PDSI_prewhiten","PHDI","PHDI_prewhiten","PMDI","PMDI_prewhiten","SP01","TAVG","TMAX","TMIN","ZNDX"
"all_seasons","Sum of all absolute correlations","All",22.6204769806104,20.0454866470125,9.00382387060985,18.0842798298308,18.1186948787704,19.7230650395031,20.3806940191516,17.3630222835026,17.1043974977808,17.8423962887424,17.375497881234,20.2470749948367,20.4438808124679,20.4817172990783,19.0880079662786,23.1212651114874,18.1691855514343,23.4285859114241,20.4754421760524,20.9096634633475,18.3854079673285,18.419862449617,18.7478769366895,20.3924467117431
"all_seasons","Count of Significant correlations","All",21,8,7,5,5,3,5,10,5,7,4,6,10,3,6,14,7,14,9,6,6,6,9,9
"all_seasons","Sum of absolute significant correlations","All",8.07632806837281,2.93414373685429,2.72218242811773,1.75071280876361,1.7753413637053,1.23899072189225,1.82237898722206,3.88505803581929,2.28841323758388,2.84886299278575,1.83112510852995,2.29375857224508,3.63715354376499,1.17306829572959,2.17587265808791,5.1676674198924,2.18219256899446,5.07828445586974,3.54801126599429,2.4135335328919,2.53206680723122,2.39571803720364,3.52543995243474,3.48136087404567
"curr_growing_season_only","Sum of all absolute correlations","All",6.36002438531629,5.65866750538138,1.38477880629059,4.38680917286671,4.42144767573463,4.69369354118516,5.05328185161994,4.60031876513388,4.28789646529907,4.03376934412607,4.86825270227581,5.64218711308554,5.03434530989646,4.84266235375414,3.83579924474395,4.56162056150176,4.34779752084768,5.80549211518484,4.66017620888852,5.41821948892533,4.6052803389263,4.51018519808484,4.82309999281827,5.64895250561633
"curr_growing_season_only","Count of Significant correlations","All",8,4,1,3,3,1,1,3,0,0,1,1,2,0,1,0,3,3,2,1,0,0,1,2
"curr_growing_season_only","Sum of absolute significant correlations","All",2.71649002139583,1.5099651546033,0.403824930818162,1.00086703088835,1.02156174486288,0.406581579469743,0.407183128290457,1.10385513500308,NA,NA,0.39704417218656,0.378857206136019,0.749692869618416,NA,0.403534918792365,NA,0.822149690079863,0.975711791892349,0.73888934640017,0.413319304327129,NA,NA,0.264137246891607,0.807438238965238
