"season","Summary_type","Species","cld","dtr","frs","pet","pet_sum","PETminusPRE","pre","tmn","tmp","tmx","vap","wet","PCP","PDSI","PDSI_prewhiten","PHDI","PHDI_prewhiten","PMDI","PMDI_prewhiten","SP01","TAVG","TMAX","TMIN","ZNDX"
"all_seasons","Sum of all absolute correlations","All",36.2940290610905,35.672004071161,18.1519619425889,40.8429946781149,41.0052315147636,40.1308914274312,40.6515301590542,35.4923417043039,36.8528542433944,39.347009449649,33.8096526071282,40.0336823987046,42.6689841503392,47.2803055960659,42.0975301475102,48.0219901882306,38.5689778383044,48.0687604051655,41.6746811765531,42.4306987591412,37.0240019356971,40.1708347198781,34.5622475688069,43.8457644583471
"all_seasons","Count of Significant correlations","All",22,21,15,29,31,27,28,17,19,23,14,27,33,44,35,46,32,48,34,28,20,22,18,38
"all_seasons","Sum of absolute significant correlations","All",7.96610626204442,8.23003512769418,5.42719079720142,11.5915807585049,12.2246326154712,10.5131136927716,11.0058335772042,6.26122860614425,7.36455262204863,9.03078153714559,4.95162811429712,10.2186025482283,12.5396126270505,18.9093512537507,13.6400239674964,19.1077818440074,11.5677713548954,20.2779234772996,12.5802830846451,11.3367118340982,7.69844080097231,8.76393281270077,6.54225755912777,15.0713914477089
"curr_growing_season_only","Sum of all absolute correlations","All",9.88717765957268,9.32953678855085,3.49838923959502,10.5579654183428,10.6223493816536,11.6608412094164,11.4796638845064,10.0841122115192,9.83768481216021,10.5434977521505,7.56368714291511,11.0873634278891,11.8838954324274,13.5944096955986,12.792822508068,12.8134948276225,11.8554052586981,13.2977471659164,12.0624574303723,12.683128667942,9.78288422097103,10.772719056141,9.75023878807953,12.8405953714427
"curr_growing_season_only","Count of Significant correlations","All",5,7,8,9,11,14,14,7,7,9,0,11,13,17,16,14,14,16,15,12,7,8,5,16
"curr_growing_season_only","Sum of absolute significant correlations","All",1.94169708740353,2.89907734385936,2.8911846834057,3.5809347788882,4.16082244087005,5.63168418893456,5.59821042957319,2.51563095341284,2.69840997504933,3.53287277434248,NA,4.32113948125986,5.18098584354227,8.10406816404497,6.57725478387884,6.39980526475819,5.35074513338937,7.3403167107453,5.93046101039448,5.1165673210065,2.63242468843135,3.16528096343306,1.80921586751488,6.90611738818318
