"season","Summary_type","Species","cld","dtr","frs","pet","pet_sum","PETminusPRE","pre","tmn","tmp","tmx","vap","wet","PCP","PDSI","PDSI_prewhiten","PHDI","PHDI_prewhiten","PMDI","PMDI_prewhiten","SP01","TAVG","TMAX","TMIN","ZNDX"
"all_seasons","Sum of all absolute correlations","All",36.3400711831916,35.6376774993179,18.0212633458655,41.123712442771,41.1946683875108,39.9296988874066,40.6205164187861,35.4969851724955,36.8777135823678,39.135967720187,33.6791309742116,39.7277720450753,42.811557984452,47.4089375226531,42.1604619841241,48.0825197357466,38.7882806022791,47.802826692483,41.7382060691181,42.3163579544329,37.1408387665392,40.2003190381897,34.684947065133,43.978756800896
"all_seasons","Count of Significant correlations","All",21,22,15,26,31,28,27,17,21,25,14,26,31,47,35,46,32,49,33,30,23,22,19,38
"all_seasons","Sum of absolute significant correlations","All",7.74959336221943,8.5802931324889,5.50205301578636,10.67260297925,12.347380575481,10.9211121937388,10.6540957374445,6.23089103990527,8.05840214231198,9.63115663525069,4.90881673320564,10.034511372646,12.1276992403476,19.7960113751682,13.5709579538824,19.2708453009598,11.9099832578875,20.4225115443927,12.4067667322308,11.9612950070337,8.71155883354229,8.73472004407361,6.93304062562535,15.2782428461768
"curr_growing_season_only","Sum of all absolute correlations","All",9.86709371165419,9.37194079329958,3.496363195097,10.5975418162963,10.6769162765856,11.6039030246623,11.5170476044676,10.0094663218087,9.86727193606067,10.4612931440384,7.58065846961291,10.946184402649,11.8649361225847,13.6408703152332,12.9999440724611,12.8033865640213,11.966248031,13.0588208542731,12.1244008626011,12.5137721669706,9.76145382346049,10.7441050696668,9.77766505625383,12.9744803662086
"curr_growing_season_only","Count of Significant correlations","All",7,7,8,11,12,14,14,7,8,10,0,10,12,18,16,16,14,17,14,13,8,8,4,17
"curr_growing_season_only","Sum of absolute significant correlations","All",2.5781209764929,2.90324644070603,2.87511062356075,4.26336130135533,4.56338866984138,5.65374590703034,5.59327211233383,2.53380136660386,3.02351947062901,3.83505355344675,NA,3.98616954119323,4.93610048862124,8.39976438994966,6.67571813962285,7.11325939098515,5.49386834043721,7.69272059826795,5.75562043174826,5.46072710009154,2.98194734632423,3.21031732240195,1.51861626772222,7.42075826471366
