"season","Summary_type","Species","cld","dtr","frs","pet","pet_sum","PETminusPRE","pre","tmn","tmp","tmx","vap","wet","PCP","PDSI","PDSI_prewhiten","PHDI","PHDI_prewhiten","PMDI","PMDI_prewhiten","SP01","TAVG","TMAX","TMIN","ZNDX"
"all_seasons","Sum of all absolute correlations","All",37.3399780508818,36.0058265111581,16.4207097505218,37.2418521756522,37.5292106885142,36.6343209748841,36.2464527781917,33.3334007067704,32.9024452886352,33.8741680839831,31.3391376718319,36.3873527090636,34.9873147888005,36.3400612749741,31.9787802843809,39.2886243701064,34.7209538218944,38.4359605249225,34.7727918538031,35.3012555235655,33.0732718661261,33.9491241498823,33.2074101897698,36.2603772005305
"all_seasons","Count of Significant correlations","All",30,17,2,17,16,17,21,12,10,13,7,23,16,16,14,22,14,22,19,15,11,14,10,17
"all_seasons","Sum of absolute significant correlations","All",11.6409671909652,6.34745082886255,0.753185915590879,6.42684977394957,6.13739168658675,7.0841755264551,8.03484216844096,4.34792955975342,3.93810151722386,4.92445261039997,2.65301773409038,8.79970731671852,6.43027277682868,5.68632205104283,5.29923424372126,8.23907368587392,4.70535792876228,8.44074760685324,7.47349657703275,6.20105299925807,4.26094359434456,5.42231078984421,3.79843692899581,6.67755579482006
"curr_growing_season_only","Sum of all absolute correlations","All",7.19779250020557,7.97938340795938,1.37208055302198,8.52217100178257,8.53037494908408,9.72992274421122,9.56353862852944,8.85372592226818,9.16727527320046,9.06717947228897,7.40433100751651,10.3779951918042,9.17943559904062,10.8737104445052,7.96908227141569,11.2924466476945,8.9324196092799,12.1544552231183,8.9230371806089,9.79002668111552,9.1111225515046,9.80259405713112,8.61743273443183,10.9669904597453
"curr_growing_season_only","Count of Significant correlations","All",2,5,0,6,5,5,8,4,4,3,1,9,5,2,5,8,7,7,7,5,4,6,3,7
"curr_growing_season_only","Sum of absolute significant correlations","All",0.720721754847255,1.84659814053346,NA,2.06650168594674,1.76806779590013,2.05631145594798,3.01165541150403,1.75237559952131,1.59255277488485,1.18138148585833,0.422172809817904,3.5845242507934,2.0316561444748,0.748458761489479,1.81188608199492,3.13888943075538,2.37672592638523,2.64579582577783,2.6077674962451,2.05244576297316,1.59574153987317,2.1660541905906,1.39151278037874,2.81664395803926
