"season","Summary_type","Species","cld","dtr","frs","pet","pet_sum","PETminusPRE","pre","tmn","tmp","tmx","vap","wet","PCP","PDSI","PDSI_prewhiten","PHDI","PHDI_prewhiten","PMDI","PMDI_prewhiten","SP01","TAVG","TMAX","TMIN","ZNDX"
"all_seasons","Sum of all absolute correlations","All",37.4417406327758,35.8534170899518,16.4230457098652,37.219257119375,37.5225739640867,37.1228646085565,36.4203894092665,33.5491195303793,32.9872451191263,33.8044848522394,30.9882551107315,36.5042823615521,34.7082146986192,36.3837581495682,32.1099517658404,39.1869962058392,34.8044051517073,38.8794101862331,34.5048824166043,35.1209830098296,33.047574384127,33.9392166056851,33.3452820700472,36.3849508685154
"all_seasons","Count of Significant correlations","All",30,19,4,16,17,16,16,10,10,12,8,21,15,13,16,21,15,21,17,15,11,16,8,16
"all_seasons","Sum of absolute significant correlations","All",11.6143484362814,6.81872060957765,1.27604957431064,6.28623461986487,6.45800662764583,6.55136147502259,6.52032306939649,3.82151798718678,3.94454899496426,4.61521008785013,2.93000684261343,8.45439050204881,5.96060526663559,4.91773161855288,5.88320952852842,7.93347711175499,5.2481507136471,8.13348938476808,6.71639674396778,6.20346746294607,4.19344452704903,6.14387161130446,3.23014814348979,6.46660319109632
"curr_growing_season_only","Sum of all absolute correlations","All",7.27303871726943,7.91874308289062,1.34675541885495,8.48588052238721,8.64474416432045,9.82080173431884,9.63437944597194,8.93551166728564,9.2223319965866,9.11790555950058,7.2613844185305,10.3181421995492,9.04633173575273,11.1489895737496,7.86206217846043,11.3037144128076,8.94922612592055,12.2634732523334,8.77390898670603,9.85652935640142,9.14087538085691,9.70613666173485,8.53766617395207,10.9297992033846
"curr_growing_season_only","Count of Significant correlations","All",3,4,1,4,5,5,5,4,4,2,2,8,5,2,6,8,7,7,7,7,5,7,3,8
"curr_growing_season_only","Sum of absolute significant correlations","All",1.03353403626615,1.49991785106873,0.299882840487624,1.49564207583404,1.76839594907133,1.94667402875913,1.95293650631729,1.76009659977676,1.60086805365977,0.799509649420628,0.702274189048852,3.35560332771548,2.01847013425065,0.768838971651227,2.0788820225858,3.11190937011076,2.38124587805014,2.67692691481511,2.60601958483825,2.7585191138311,1.92952523782138,2.49900241926351,1.37509298607244,3.15944324967768
