"season","Summary_type","Species","cld","dtr","frs","pet","pet_sum","PETminusPRE","pre","tmn","tmp","tmx","vap","wet","PCP","PDSI","PDSI_prewhiten","PHDI","PHDI_prewhiten","PMDI","PMDI_prewhiten","SP01","TAVG","TMAX","TMIN","ZNDX"
"all_seasons","Sum of all absolute correlations","All",35.7603156354011,33.7991053325601,15.8737361263595,32.5611160038161,32.569308320469,35.6455286837045,36.5067724339484,31.9017669141298,32.9357849052207,33.6413910549409,30.8536891096645,37.3314792654547,35.6757522354799,36.4070525402438,34.4511590948752,39.1116850052722,32.8620310167348,39.5484030315013,35.1550596936507,36.5049935793197,34.3070573783119,36.0832862514821,33.1430627623813,34.7165683859072
"all_seasons","Count of Significant correlations","All",24,13,9,11,9,13,17,15,11,11,12,18,20,7,18,12,15,14,19,18,16,15,15,16
"all_seasons","Sum of absolute significant correlations","All",9.0953017274344,4.7486328966394,2.98553451687934,3.88212151078841,3.32769047980016,5.09469803806728,6.51311686847927,5.88614292950168,4.67497705135059,4.5484459386163,4.95538202418203,6.9522936024611,7.64088265803248,2.82914211711607,6.47129269583102,4.54081964130995,5.38913554886403,5.52900368312797,7.52262406955983,7.00912574198072,6.44752038003951,5.74530396480146,6.20129431681736,6.27883739889239
"curr_growing_season_only","Sum of all absolute correlations","All",7.69413567819191,7.62352559124052,1.61953492042837,7.41147887698456,7.39749047114707,8.32127165148102,9.01222413974609,8.43808458258502,7.8831242112113,7.51741766940948,7.20867523387394,10.1303659377051,8.64950899059506,8.69570181477425,7.54102545517263,8.9199668711623,7.65040315530321,9.97355966698373,7.82344345886028,9.36505272212778,8.89380707216865,9.50955675593311,8.56881848176914,9.37320050780566
"curr_growing_season_only","Count of Significant correlations","All",4,2,0,3,3,3,5,4,2,2,2,4,6,0,6,3,6,1,5,8,5,4,4,6
"curr_growing_season_only","Sum of absolute significant correlations","All",1.37491824825242,0.62981094686815,NA,0.995298979689136,1.02906741630593,1.03792356083084,1.75236119740305,1.78553210301498,0.928819342858085,0.865829590501097,0.72869128634138,1.48869082292429,2.17392493687649,NA,2.06122266361784,1.10599927143936,1.94650673001643,0.352929736429874,1.77177169625368,2.80048462082882,2.103019290347,1.53363607037584,1.91653093074499,2.28375959478134
