"season","Summary_type","Species","cld","dtr","frs","pet","pet_sum","PETminusPRE","pre","tmn","tmp","tmx","vap","wet","PCP","PDSI","PDSI_prewhiten","PHDI","PHDI_prewhiten","PMDI","PMDI_prewhiten","SP01","TAVG","TMAX","TMIN","ZNDX"
"all_seasons","Sum of all absolute correlations","All",35.9362930914293,33.6060986784495,15.8877168786676,32.3863363054731,32.5286075395168,35.8019252496912,36.4367281207952,32.075075926431,32.8655647452542,33.6507351247055,30.7590308074386,37.7245710193825,35.7440042403685,36.5880901680718,34.4755603102117,39.1054241650723,32.9355965560351,39.5485170410801,35.2497705215182,36.3741193134433,34.2122089403024,35.9725843977114,33.1725005943836,34.7044957739705
"all_seasons","Count of Significant correlations","All",24,12,8,9,11,14,18,13,11,10,12,18,20,9,19,17,15,15,18,17,15,14,16,16
"all_seasons","Sum of absolute significant correlations","All",9.26593481297397,4.22929986676576,2.62272010905302,3.33364947278213,3.94573917422031,5.33792114233046,6.86763762330963,5.27227722354677,4.67352906427049,4.2841141612328,4.97434923235926,6.9296988742415,7.55762225889661,3.39258028894877,6.73173876943053,6.21869178480042,5.39959771663392,5.72518218666408,7.2456949019849,6.7228177363984,5.98007876612572,5.47721604462107,6.42238199500617,6.30654237493369
"curr_growing_season_only","Sum of all absolute correlations","All",7.74754362672819,7.70529204746401,1.61195783936934,7.26717768526558,7.42200740695261,8.41433997887757,8.95469028936174,8.40128472363992,7.86013643927224,7.53247349550004,7.22063818749527,10.2872952690136,8.58480907865453,8.92836568720906,7.43281783912457,9.02304415738129,7.7781467568776,9.9867474972435,7.98883089115989,9.36246449270414,8.72765976464788,9.56133779399043,8.47443672112005,9.32230165091588
"curr_growing_season_only","Count of Significant correlations","All",5,3,0,3,3,3,4,4,2,2,2,4,6,0,7,3,6,3,5,7,4,3,4,6
"curr_growing_season_only","Sum of absolute significant correlations","All",1.75109684517128,0.958122389128264,NA,1.01464331964424,1.02511689027878,1.03277776468972,1.41184288456662,1.77778030450115,0.907824747498105,0.864080625721844,0.732064286662608,1.49543862411867,2.17474579322367,NA,2.36258803288195,1.11125546031041,1.95568738125931,0.943605506702881,1.80106476931894,2.48044318145346,1.65250100656607,1.24481813404227,1.8902866791046,2.28686004767968
