"season","Summary_type","Species","cld","dtr","frs","pet","pet_sum","PETminusPRE","pre","tmn","tmp","tmx","vap","wet","PCP","PDSI","PDSI_prewhiten","PHDI","PHDI_prewhiten","PMDI","PMDI_prewhiten","SP01","TAVG","TMAX","TMIN","ZNDX"
"all_seasons","Sum of all absolute correlations","All",35.9584412601746,33.7570270877556,15.98752698694,32.4548760487441,32.5072104279718,35.4169880659831,36.3931656374921,31.9851209756334,32.8832633387116,33.5075262189013,30.5054967786374,37.5443855296765,35.7588328288696,36.4485371405616,34.4019532807104,39.1357788090168,32.711155329035,40.002328930416,35.6290067419269,36.5543236802535,34.3180538632935,35.8422962977951,33.3104364262541,34.6633028085387
"all_seasons","Count of Significant correlations","All",21,11,8,10,10,14,18,14,11,10,12,17,20,9,17,14,15,17,19,17,14,16,14,17
"all_seasons","Sum of absolute significant correlations","All",8.17040395311751,4.06531436040101,2.61996716192315,3.58229933539324,3.63523011180564,5.31733749172385,6.85802053795073,5.52450873552929,4.70290475991641,4.28359440303556,4.97627937652318,6.7707782189151,7.5135420952175,3.39251904927229,6.08459856334871,5.29670288003743,5.40632587763827,6.5731295036227,7.57589037558504,6.69899547190743,5.69189684970008,6.18343198363632,5.98147296270564,6.60120117271077
"curr_growing_season_only","Sum of all absolute correlations","All",7.60933394072376,7.73822642167463,1.68579430193554,7.32982052391594,7.33759362408168,8.33694894167412,8.92728243129696,8.47104241220383,7.88633191646735,7.52383329994029,7.18278395014185,10.1924519405121,8.59727692723311,8.83406728462909,7.41338596724504,9.01113837706783,7.75934335908242,10.344492830136,7.95437122391476,9.38953572185249,8.83172174364271,9.46955786560945,8.64050512464041,9.32212560071585
"curr_growing_season_only","Count of Significant correlations","All",5,2,0,3,3,3,5,4,2,2,2,2,7,0,6,3,6,4,6,8,3,5,4,6
"curr_growing_season_only","Sum of absolute significant correlations","All",1.72364429722942,0.655274737650899,NA,1.01243579805928,1.01552655983983,1.03790427389597,1.74203858534392,1.79649917208835,0.908285590890293,0.865533257660203,0.746686810776874,0.88924032288323,2.47555471465683,NA,2.05021462990122,1.10334557903247,1.97567186387014,1.36315477646321,2.06733529136526,2.84354306621154,1.33977755748825,1.94328123163466,1.91804948391894,2.25327793406664
