"season","Summary_type","Species","cld","dtr","frs","pet","pet_sum","PETminusPRE","pre","tmn","tmp","tmx","vap","wet","PCP","PDSI","PDSI_prewhiten","PHDI","PHDI_prewhiten","PMDI","PMDI_prewhiten","SP01","TAVG","TMAX","TMIN","ZNDX"
"all_seasons","Sum of all absolute correlations","All",34.5529753047877,31.7914977638584,7.70628659522915,30.2853932548376,30.2770093700643,29.7319300402151,26.7461992441502,20.5141393265547,22.0937431456887,24.5400946505516,20.1852955810104,29.6702370473468,25.404005967536,26.1607409546432,24.2223814515988,26.3640570467526,26.4941585041859,29.1563476496251,25.6840400525768,27.2610255207874,22.039955188151,25.7600235880726,19.7114152837286,29.049175557682
"all_seasons","Count of Significant correlations","All",45,36,0,33,34,31,26,6,9,15,10,36,21,23,26,23,23,33,20,27,9,23,5,24
"all_seasons","Sum of absolute significant correlations","All",18.9039161051176,14.3722151580179,NA,13.6877663027546,13.8924686272103,12.8069339025688,10.2025190276399,2.61475045841981,3.6636276118404,6.00925199387526,4.36628542122669,14.5048665241664,8.33992245566017,9.77354291813303,10.0394703113513,10.1741513360638,8.32650890088508,13.7640910019358,7.76208613106076,10.8538865763114,3.73965153614778,9.34576730936111,2.26815374464023,9.8368072049174
"curr_growing_season_only","Sum of all absolute correlations","All",12.0541602663236,9.70667221753758,0.482806105071154,11.7130934554156,11.7566833461784,9.24028429422095,7.69584370860109,4.95771774211853,6.79524998326707,8.50910092707277,4.67488422617313,9.07426642646639,7.22220575833922,11.4641421416425,9.08542349227556,11.8338463959417,8.60588265785198,11.9396632005879,7.29728498067958,7.58693383859542,7.23134390529558,10.0504330244805,4.85812449545706,9.50770941275107
"curr_growing_season_only","Count of Significant correlations","All",20,10,0,18,18,11,6,2,5,9,1,12,4,14,13,17,7,17,5,6,5,15,2,8
"curr_growing_season_only","Sum of absolute significant correlations","All",8.97607090232377,3.95071911459731,NA,7.86570075073545,7.86289859552216,4.84238310782093,2.6608183509402,0.823762034350119,1.95935195647098,3.59807877010906,0.36240568687371,5.12022107225426,1.7469164383247,7.01278972569926,5.42927069936288,8.18902871573369,2.84704461383679,8.1979481032081,1.92497569243517,2.60846655189249,2.00168331698626,6.33431106911785,0.784845660924669,3.56592576703878
