"season","Summary_type","Species","cld","dtr","frs","pet","pet_sum","PETminusPRE","pre","tmn","tmp","tmx","vap","wet","PCP","PDSI","PDSI_prewhiten","PHDI","PHDI_prewhiten","PMDI","PMDI_prewhiten","SP01","TAVG","TMAX","TMIN","ZNDX"
"all_seasons","Sum of all absolute correlations","All",38.5444900297159,39.5763820181626,15.5125884769978,44.9756849201272,45.1926655925754,40.8458541752745,39.2869450565996,33.7636093148738,37.1915849900611,39.1047309171055,38.7147340633806,38.8037335166651,39.5353108111628,56.0553239854088,42.0247372364728,52.3026547579539,38.4271102292492,52.2544424247629,41.6096563737155,40.2100995688738,36.8795096201787,39.2080961815781,32.686753548185,43.1755273161679
"all_seasons","Count of Significant correlations","All",22,30,10,35,34,27,27,15,14,18,21,26,23,56,31,49,24,42,23,20,19,20,16,33
"all_seasons","Sum of absolute significant correlations","All",8.7931687526094,11.8304251241544,3.43884191988862,14.4883734070032,14.0734694755586,11.016594435626,11.0738107560177,5.82787934923754,5.55900223258163,7.22357945761946,8.52830819084753,10.0931053868676,8.81697800210844,25.4491164080646,11.9575271235275,21.5417322779526,8.97769182428448,19.2101698788858,9.06945435409037,7.98042216632954,7.2332665971476,8.02476747506686,5.99307424793434,13.3553533205293
"curr_growing_season_only","Sum of all absolute correlations","All",11.2648917690662,10.3903724310429,3.21299786620284,11.6372097502259,11.7526839409546,13.8501981773098,13.4840311826635,8.64235300062326,9.74992307548019,11.4781552203069,6.88851576469194,12.6976053303187,12.0107880594305,18.1822753347579,13.7054380298677,15.6770328095828,12.7994149235436,17.0167152659984,13.4242278221422,13.043627690476,9.30855839464088,11.1274222710348,8.28446394364689,14.2688297565089
"curr_growing_season_only","Count of Significant correlations","All",7,11,6,11,11,18,20,6,7,8,2,18,14,23,17,19,15,19,12,14,8,9,6,19
"curr_growing_season_only","Sum of absolute significant correlations","All",2.84737786607889,4.1393826133419,2.06251451655158,4.37858567233788,4.3506097804225,7.50465692112536,8.38304596008368,2.36958688460635,2.68149273708869,3.10008530664527,0.726989633574318,7.05081060490771,5.66154093524116,11.1422777589218,6.87996287064405,8.82823299501738,5.99778817479971,9.26410584246649,5.11600298869292,5.83806446428561,2.88191268392225,3.31140716365309,2.26241417274129,8.33661805253468
