"season","Summary_type","Species","cld","dtr","frs","pet","pet_sum","PETminusPRE","pre","tmn","tmp","tmx","vap","wet","PCP","PDSI","PDSI_prewhiten","PHDI","PHDI_prewhiten","PMDI","PMDI_prewhiten","SP01","TAVG","TMAX","TMIN","ZNDX"
"all_seasons","Sum of all absolute correlations","All",38.2898972671802,39.3984422340465,15.5246281735809,45.0134455113527,44.896538689133,40.9098350421217,39.0192633052181,33.8100431009064,36.9746416895849,39.2674835363913,38.5637158581495,38.8913498746117,39.2079041281322,55.4249626251378,41.884446458681,52.036824981265,38.4360726060687,52.144437036658,41.9043770886233,40.2295770241973,36.7383232013186,39.2582590685889,32.7136780354997,43.1979431687865
"all_seasons","Count of Significant correlations","All",20,31,9,36,34,26,24,16,15,20,20,25,24,57,35,46,24,44,25,22,17,20,17,30
"all_seasons","Sum of absolute significant correlations","All",8.12138277060495,12.2021482678948,3.10999794349615,14.5245635822534,14.0616220060924,10.7496982021125,9.99462172203808,6.13996483590755,5.90047554927175,7.99372882513436,8.1630185623416,9.77741693776062,9.06124998546001,25.8238459659147,13.333899952823,20.50151968831,9.02615925134928,19.8933391366129,9.74243523856051,8.67565009082676,6.45428713551818,8.24844779714595,6.25373598014677,12.4140648808833
"curr_growing_season_only","Sum of all absolute correlations","All",11.2837805984306,10.350004025335,3.20027783115922,11.5939764346011,11.6542366046052,13.9287688993229,13.4150445036005,8.62719538301469,9.68387169325455,11.666529876245,6.85344659324226,12.6735347756147,11.9852272658049,18.0582276776026,13.726969053102,15.6411909931201,12.8341133770302,17.0412459970046,13.479978299993,13.0211801531936,9.31949747960763,11.2109287554052,8.35717437226221,14.3406275715246
"curr_growing_season_only","Count of Significant correlations","All",6,9,6,12,12,18,18,6,7,10,2,18,14,25,20,18,16,20,13,15,8,8,6,19
"curr_growing_season_only","Sum of absolute significant correlations","All",2.47039778467052,3.52051952805816,2.03545953380927,4.65526249624376,4.71562963270015,7.53104488245312,7.6888899586973,2.35603224699316,2.67324728201366,3.75391957782866,0.734379699281293,7.12110261193758,5.60308959120221,11.7785259668079,7.93942410318455,8.50512891467297,6.32560843701873,9.67794684878662,5.50337694767786,6.18982155737294,2.89305229726893,3.0950271290113,2.24566715627812,8.40513017278481
