"season","Summary_type","Species","cld","dtr","frs","pet","pet_sum","PETminusPRE","pre","tmn","tmp","tmx","vap","wet","PCP","PDSI","PDSI_prewhiten","PHDI","PHDI_prewhiten","PMDI","PMDI_prewhiten","SP01","TAVG","TMAX","TMIN","ZNDX"
"all_seasons","Sum of all absolute correlations","All",41.8057244371509,38.1055997782287,14.0726262208516,39.5530584236106,39.4269289660356,40.4427126945136,38.3916119922876,33.1489701550202,34.2172480326312,36.5420739583141,33.7068296678071,38.3335343311997,36.4693098489312,34.3829416092959,35.707391220786,33.1531737157708,36.1368834094421,34.8954337057579,35.2559604763888,37.4563071715193,33.8803186073404,37.6613566715959,33.3280841193567,38.9169754321726
"all_seasons","Count of Significant correlations","All",38,27,9,36,35,41,36,23,18,26,27,33,29,31,24,26,31,23,26,33,21,32,23,34
"all_seasons","Sum of absolute significant correlations","All",16.4451821837989,10.8926538312551,3.51591569744047,14.7222197086685,14.4605815378442,16.4339094858637,13.9013583593803,8.98472579795399,7.49384518321006,10.5530014561799,10.6347200608809,13.4582383796264,11.7489526946002,12.1006952061311,9.72475809716208,10.193782920619,11.9659335818161,9.56477048184948,10.0761246486078,13.6063821781412,8.39744994570407,13.0326484833693,8.7669822887348,13.6993750127444
"curr_growing_season_only","Sum of all absolute correlations","All",10.9626972625501,8.68430591300504,1.50787916519702,10.4618493193429,10.4577582434287,11.2465164089737,10.4906224007617,7.70755901898533,9.03762113178643,10.1673028086636,7.43739634846253,10.6234110408595,9.4069055322735,11.671618860852,9.63220270657525,11.1156639766163,9.82958642003641,11.7678361655097,9.3055632267906,9.61341343271977,9.77441673874607,12.0566982449834,7.92217754012308,11.4366984760164
"curr_growing_season_only","Count of Significant correlations","All",11,8,1,10,11,12,11,5,5,8,6,8,8,16,12,13,8,13,8,9,5,12,6,12
"curr_growing_season_only","Sum of absolute significant correlations","All",4.98715749694697,3.21838019758611,0.346614397530764,4.48455888953978,4.81083826983078,4.89769917879955,4.16282174804853,1.86837852168907,2.03203496042066,3.20616196399885,2.33198860099125,3.53019441046742,3.39725385659104,6.72069347677022,4.83565268340698,5.48659681066463,3.09415070111052,5.80236215802755,3.28268487210405,3.95116691880684,2.15623317943386,5.03856854325032,2.16147935059359,5.26562781587508
