"season","Summary_type","Species","cld","dtr","frs","pet","pet_sum","PETminusPRE","pre","tmn","tmp","tmx","vap","wet","PCP","PDSI","PDSI_prewhiten","PHDI","PHDI_prewhiten","PMDI","PMDI_prewhiten","SP01","TAVG","TMAX","TMIN","ZNDX"
"all_seasons","Sum of all absolute correlations","All",41.8397067783141,38.076297352562,13.9900813922172,39.5623468693681,39.4351041435496,40.2587152652053,38.294910818447,33.2363231011777,34.3147105987717,36.4014714328809,33.7803735739135,38.4066226937514,36.3468329263661,34.8076720997951,35.9112193351948,33.2274306126779,36.2452103538907,34.6830810006585,35.1876675294956,37.5679677300448,34.0294253504362,37.4009343251319,33.0959850548361,39.2156883346403
"all_seasons","Count of Significant correlations","All",39,26,9,33,32,39,38,21,20,29,27,34,29,31,22,26,27,25,27,33,22,32,21,37
"all_seasons","Sum of absolute significant correlations","All",16.8054204230481,10.7134115004617,3.42029931984199,13.7644918274844,13.3541023480184,15.6298544731188,14.5895990411845,8.37627733816346,8.18250296131676,11.5593575543591,10.6244803034561,13.7168514383485,11.7523461462592,12.1622521679531,9.10655355905018,10.2618838349835,10.7227406074731,10.1142554556442,10.3986248952782,13.5945508784423,8.7602766694424,12.8503805854792,8.17983915711762,14.5699263015788
"curr_growing_season_only","Sum of all absolute correlations","All",10.8507966679796,8.67429599299324,1.43934550085131,10.5663869011024,10.4371624933235,11.1270790767395,10.4235780325811,7.7552601529416,9.00116846087727,10.1210554187459,7.45748266554387,10.5631940903751,9.30520381797586,11.9252555935709,9.74685466361243,11.1224615125084,9.93409644363642,11.8169151827593,9.29204576991017,9.54883688808384,9.71153045576327,11.9078070076208,7.91198296030941,11.4544591254148
"curr_growing_season_only","Count of Significant correlations","All",11,7,1,10,10,12,12,5,5,8,6,9,8,16,10,13,7,15,8,8,5,14,5,12
"curr_growing_season_only","Sum of absolute significant correlations","All",4.98871632401733,2.84527741181452,0.341164606451287,4.50462086183114,4.46279082109819,4.89755382370551,4.58674256102256,1.89114683952355,2.04500628662946,3.162830348215,2.32100539515734,3.74454817575261,3.37470655727008,6.85113926211195,4.16730687432442,5.49592885726103,2.76505632238431,6.45049235894569,3.32040093097139,3.56610917084997,2.14849495245534,5.63114672166812,1.84066951487755,5.17588993344184
