"season","Summary_type","Species","cld","dtr","frs","pet","pet_sum","PETminusPRE","pre","tmn","tmp","tmx","vap","wet","PCP","PDSI","PDSI_prewhiten","PHDI","PHDI_prewhiten","PMDI","PMDI_prewhiten","SP01","TAVG","TMAX","TMIN","ZNDX"
"all_seasons","Sum of all absolute correlations","All",29.459292665307,29.7789951101085,7.80032381759412,30.6186916021821,30.4015639088021,27.6009241190353,25.4046817879963,17.5736287010813,21.8952037548482,25.5801397824496,16.6304832800722,26.436424324198,25.6759325848954,32.3408086238345,24.1595111153911,33.4860838934073,27.0455708064743,34.2564450643524,26.0901675368207,26.4653882981556,21.639164518656,26.9786901656779,16.5207898168785,28.7685199570412
"all_seasons","Count of Significant correlations","All",51,52,2,58,62,51,40,11,23,42,6,39,39,63,34,63,45,65,33,39,23,41,8,54
"all_seasons","Sum of absolute significant correlations","All",12.8033500617208,12.5673041492159,0.440411498052048,14.3702350666691,15.2257610791807,12.6726219857573,9.88186450705268,2.55834943960462,5.5328709002945,9.82037148299196,1.22069851255201,9.96345149892281,9.73971190513873,16.6056111561779,8.3169147113092,16.8669781577047,10.8035193943399,17.7240250117123,8.68013393440204,10.0429742592503,5.59813927455655,10.4769306145808,1.78713042440322,13.9213348521404
"curr_growing_season_only","Sum of all absolute correlations","All",8.70670203316518,8.12736984207492,1.28456815895767,10.7752949922023,10.7576105537334,9.78458359155558,8.56184679933703,5.42805532181658,7.9504818652968,9.41328929226617,4.97077512607898,9.13965450355841,8.4103882291923,11.7579542201644,8.39914211952625,11.0051657916304,9.27422519010845,12.0428204515711,8.81769771115589,9.31214941989822,8.3213461666258,10.7625150374311,5.27384646220194,10.770412417958
"curr_growing_season_only","Count of Significant correlations","All",19,20,1,31,32,26,19,9,15,25,3,21,18,31,17,29,22,31,15,21,17,27,6,30
"curr_growing_season_only","Sum of absolute significant correlations","All",4.78814079283698,4.60573173765352,0.179601630609945,7.77003496887075,7.96313793478196,6.49066419358456,4.63006650137021,2.0484074956619,3.8208748887519,6.15791822488463,0.560259807863383,5.33822642274161,4.50331142953844,8.8820380830154,4.11239627907437,8.43626744644323,5.35490034178856,9.28334842705105,4.06974469271057,5.51008576729145,4.36543405902085,7.26316274351271,1.31452802393822,7.99190407016254
