"season","Summary_type","Species","cld","dtr","frs","pet","pet_sum","PETminusPRE","pre","tmn","tmp","tmx","vap","wet","PCP","PDSI","PDSI_prewhiten","PHDI","PHDI_prewhiten","PMDI","PMDI_prewhiten","SP01","TAVG","TMAX","TMIN","ZNDX"
"all_seasons","Sum of all absolute correlations","All",29.6634625838311,29.6063001456407,7.72576691721831,30.4928044018963,30.2381658101769,27.6170610532571,25.3412070254648,17.4440478438991,21.8597753184695,25.5353264522704,16.6846858877758,26.5681179748747,25.7166176450856,32.324290405488,24.2302244789919,33.7436623351116,27.0189028415501,34.2633804848119,26.0702761173454,26.4751643426539,21.7634662840565,26.9655241755695,16.4530232266438,28.9250902741197
"all_seasons","Count of Significant correlations","All",52,53,2,63,62,47,41,11,23,40,5,36,38,63,33,64,42,65,34,38,24,43,9,53
"all_seasons","Sum of absolute significant correlations","All",13.0769267523705,12.7228506770335,0.439718225340803,15.381642885071,15.2404761001432,11.9023344659996,10.0515372799156,2.53444928116102,5.49709932832569,9.40837563378076,1.04211846098019,9.39394082228477,9.58461205908337,16.4740495167629,8.16033344070341,17.068619329827,10.2372284179502,17.7421927287049,8.8747548944939,9.79165885088512,5.77447570598076,10.8496852009798,1.9709684228107,13.7229896387384
"curr_growing_season_only","Sum of all absolute correlations","All",8.83523180204378,8.08573307450155,1.25998600140953,10.712466638374,10.7066970925814,9.81458489773771,8.553449037905,5.44030070798627,7.97454043857388,9.43021581288863,5.05816600087405,9.16883783868424,8.43158925438615,11.7693831987795,8.41298915587005,11.0832124142554,9.30022057878109,12.0618510170042,8.74440086117238,9.34041560541687,8.29911800751907,10.7771712548603,5.18411093877572,10.8424050423052
"curr_growing_season_only","Count of Significant correlations","All",19,20,1,33,33,24,19,9,15,24,2,20,18,32,17,28,21,30,15,20,18,27,7,28
"curr_growing_season_only","Sum of absolute significant correlations","All",4.82856262118661,4.58575119297936,0.179973065595016,8.17506018515779,8.15261855711337,6.14387906982621,4.61058524967261,2.03176311565135,3.81558296807889,5.95479291223257,0.385781651786791,5.17916058305705,4.51291075930206,9.12787930566068,4.11757567232072,8.29188929118705,5.17506564908967,9.06951400015471,4.06492634744286,5.29648123051954,4.52911170713335,7.26452565751689,1.50145369470741,7.6061886392738
