"season","Summary_type","Species","cld","dtr","frs","pet","pet_sum","PETminusPRE","pre","tmn","tmp","tmx","vap","wet","PCP","PDSI","PDSI_prewhiten","PHDI","PHDI_prewhiten","PMDI","PMDI_prewhiten","SP01","TAVG","TMAX","TMIN","ZNDX"
"all_seasons","Sum of all absolute correlations","All",29.5450200979591,29.6434863752497,7.73542173261069,30.6308346049476,30.4168607461836,27.6446283768676,25.3896726054741,17.3810143962756,21.9276504791181,25.6396577821369,16.7273822443116,26.5505234859073,25.6970728219403,32.1989984263773,24.1202364787262,33.665904934043,27.1308572981242,34.2804568990706,26.1557614427048,26.5248651196748,21.6306244183984,26.844123134777,16.323372024529,28.8081076936176
"all_seasons","Count of Significant correlations","All",54,55,2,62,63,50,40,10,23,40,5,35,35,65,32,67,46,64,35,40,24,43,9,53
"all_seasons","Sum of absolute significant correlations","All",13.4897651963142,13.0968915850541,0.432116255406771,15.2016105231935,15.4155427555345,12.4969349921483,9.90364559960115,2.34365231620465,5.50552541481001,9.46852903277543,1.02208038987059,9.22216433139461,8.95532503875691,16.9196529096592,7.96862594043827,17.6197244322397,11.0042127122779,17.5461105423978,9.03087812824326,10.2318957840696,5.75705738284843,10.8389451537318,1.97024236497769,13.7488726281918
"curr_growing_season_only","Sum of all absolute correlations","All",8.8150360851434,8.072655864247,1.28755477358591,10.769246271489,10.747016879787,9.79491478626269,8.54493298319215,5.4079101876463,7.97577042283729,9.45830033193901,5.00510358579272,9.22537105868074,8.4426176723037,11.7030371304831,8.39626123877344,11.0345933375609,9.32508785499301,12.0525110330601,8.78423079344914,9.35894726758378,8.25058291453541,10.729715401159,5.153299830209,10.815684704413
"curr_growing_season_only","Count of Significant correlations","All",19,21,1,32,33,25,19,8,16,24,3,19,17,32,17,29,23,29,15,22,18,27,7,31
"curr_growing_season_only","Sum of absolute significant correlations","All",4.88167317880668,4.72780511604434,0.181184351237811,7.99798787991129,8.18375431152203,6.29223647936975,4.63229334687165,1.83765139211556,4.01146887332598,5.97789748385828,0.555255606743377,5.00501977506642,4.3296009026348,9.07337399924605,4.11244262445684,8.43264508205802,5.57337235446891,8.90994425822668,4.0318221564928,5.71693605484015,4.52673214622161,7.25221754736742,1.49780561325136,8.17036548094922
