"season","Summary_type","Species","cld","dtr","frs","pet","pet_sum","PETminusPRE","pre","tmn","tmp","tmx","vap","wet","PCP","PDSI","PDSI_prewhiten","PHDI","PHDI_prewhiten","PMDI","PMDI_prewhiten","SP01","TAVG","TMAX","TMIN","ZNDX"
"all_seasons","Sum of all absolute correlations","All",29.5842085287633,29.5885361796056,7.75318717848584,30.4489400895855,30.3445555699016,27.5134988917302,25.4433044799888,17.4472538655142,21.875788516022,25.5124624320088,16.7785193915705,26.6397858184349,25.7395332088531,32.3074627555994,24.1797682639923,33.6787097991811,27.0977837755774,34.0835309752582,26.2766909574576,26.4234568767404,21.6863585615239,26.9163256982075,16.5055283061019,28.7556421978135
"all_seasons","Count of Significant correlations","All",52,54,2,60,63,51,40,12,24,39,5,38,37,65,32,64,45,68,34,39,23,41,10,52
"all_seasons","Sum of absolute significant correlations","All",13.1466620116745,12.9385001543741,0.445823096440956,14.7305388731114,15.374616071678,12.651804171715,9.88051238267301,2.73628094270371,5.70469230465457,9.28323888812274,1.02636799361334,9.82537669919558,9.39070271645847,17.0801691573587,7.99126737780834,16.9830087590771,10.8057216712281,18.2888305332041,8.91224252250359,10.0558984824905,5.63755261096062,10.4594108967236,2.15809870469773,13.5511928505434
"curr_growing_season_only","Sum of all absolute correlations","All",8.78206372174044,8.04392776048261,1.28488452114742,10.7579233471154,10.7205783408264,9.75913378376357,8.50446223813505,5.41271747340175,7.95446839755854,9.4348971169422,5.04150539656321,9.23801395846909,8.44903181417824,11.793410071874,8.46812396579832,10.9799330347161,9.28231559268716,12.0805534121407,8.83150974291769,9.28678803064425,8.32800215546435,10.7435361270997,5.19684073260935,10.7760850498357
"curr_growing_season_only","Count of Significant correlations","All",18,20,1,32,33,26,19,10,16,24,3,20,17,32,17,28,22,30,14,21,17,27,8,29
"curr_growing_season_only","Sum of absolute significant correlations","All",4.7001968948885,4.60778179272595,0.183874943280705,7.94428717035744,8.14850999032913,6.47001314681281,4.61792274140898,2.23022976951146,4.01025903832752,5.98487855742442,0.566311793874777,5.18636683262261,4.32993418609209,9.1806477230172,4.12064102796781,8.16418187114635,5.38357235321947,9.11360223632901,3.89185449993655,5.51716323554649,4.38075737486374,7.25038533590606,1.6838349882617,7.7943221787487
