"season","Summary_type","Species","cld","dtr","frs","pet","pet_sum","PETminusPRE","pre","tmn","tmp","tmx","vap","wet","PCP","PDSI","PDSI_prewhiten","PHDI","PHDI_prewhiten","PMDI","PMDI_prewhiten","SP01","TAVG","TMAX","TMIN","ZNDX"
"all_seasons","Sum of all absolute correlations","All",29.6289769209816,29.6306772213714,7.72567735188543,30.356220277861,30.3776073804469,27.5676455046779,25.3839455707525,17.3950937646025,21.9293036287338,25.5370685041798,16.6684491405065,26.5125200269465,25.6340258310962,32.2916195222246,24.2583797168553,33.4463186350278,27.1332078202741,34.2766587326273,26.2236483197234,26.5785996686532,21.6348302005501,26.6830809769239,16.4850513107468,28.872246230321
"all_seasons","Count of Significant correlations","All",53,52,2,58,61,48,40,12,24,39,6,38,35,65,32,62,42,67,37,39,25,42,10,53
"all_seasons","Sum of absolute significant correlations","All",13.2377147747746,12.48896556102,0.431311864931048,14.4408786023289,14.9936996425159,12.142671468573,9.86519701324805,2.74439347488246,5.7460622030384,9.2685212437598,1.21902478203347,9.76901497621905,9.00180126177249,16.881372356811,7.97037018104223,16.685606748933,10.2742767251085,18.136498393039,9.44195698944101,10.0463982939947,5.97662165325676,10.566528898762,2.1619731833735,13.8058329042209
"curr_growing_season_only","Sum of all absolute correlations","All",8.80577216380368,8.06058039635512,1.24770686525269,10.7235670445713,10.7471823537239,9.77553812199069,8.48381124804874,5.41204893823525,7.96707342294096,9.45378645827624,4.98415713987003,9.18114357837813,8.46513010286286,11.7128423458732,8.48130262644132,10.9867040371014,9.33761617689377,12.1073380872871,8.86337564118531,9.31390252217014,8.25635226733895,10.6848831387734,5.18329805174836,10.8812418105677
"curr_growing_season_only","Count of Significant correlations","All",19,18,1,31,33,24,19,10,16,24,3,21,16,32,16,28,20,30,17,22,18,28,8,30
"curr_growing_season_only","Sum of absolute significant correlations","All",4.8377507849501,4.14936573710404,0.17361188631396,7.82239028886439,8.17044256949571,6.09764235074247,4.59758347372968,2.25308323579565,4.05824405801745,5.94723052516758,0.558351797326821,5.35124557440038,4.15453367351545,9.06217626732841,3.9444223536649,8.20955726725254,5.0193455997797,9.16212554177752,4.46585443019091,5.70424098730112,4.54448438467888,7.42698996305256,1.6858973006066,8.06378133712684
