"season","Summary_type","Species","cld","deficit","dtr","frs","pet","pet_sum","pre","tmn","tmp","tmx","vap","wet"
"all_seasons","Sum of all absolute correlations","All",29.5234459252578,27.5061975769327,29.6354366393133,7.84382464588218,30.384522896078,30.2951830391735,25.2081913943028,17.4833681800948,21.9362384980296,25.5712631365036,16.740052767778,26.4203761580768
"all_seasons","Count of Significant correlations","All",51,46,53,2,62,59,41,11,21,39,7,40
"all_seasons","Sum of absolute significant correlations","All",12.8121052589317,11.715187369004,12.736652229986,0.435332443100463,15.0713609546643,14.443716874074,10.0361944592978,2.61411829777386,5.16125192775767,9.35712929907467,1.462937096828,10.082941943682
"curr_growing_season_only","Sum of all absolute correlations","All",8.79023849730974,9.73840809825112,7.98250987599794,1.28417588064252,10.721548248532,10.682115741776,8.44509149074801,5.44968659995417,7.95080909461925,9.41338046476243,5.04733152607584,9.17653076829641
"curr_growing_season_only","Count of Significant correlations","All",17,26,21,1,33,32,20,9,15,24,4,21
"curr_growing_season_only","Sum of absolute significant correlations","All",4.42139956352827,6.45192547308815,4.78143713490268,0.178387630466178,8.13441702028396,7.89717542809115,4.77107983871202,2.11240317886798,3.86002921578867,6.04197025178898,0.790877118218633,5.274980433896
