"season","Summary_type","Species","cld","dtr","frs","pet","pet_sum","PETminusPRE","pre","tmn","tmp","tmx","vap","wet","PCP","PDSI","PDSI_prewhiten","PHDI","PHDI_prewhiten","PMDI","PMDI_prewhiten","SP01","TAVG","TMAX","TMIN","ZNDX"
"all_seasons","Sum of all absolute correlations","All",29.4597161168663,29.5469545275982,7.75935955885025,30.3272004117355,30.2137032531691,27.485224364135,25.3727483297531,17.4044573851063,21.7198748657198,25.433761923334,16.7087119628532,26.4797820405596,25.6896724343325,32.0193089028115,24.1239625045348,33.5554999991146,27.1076284559261,34.0334042611929,26.0835594628259,26.4800330141333,21.5396702364968,26.8138678259513,16.5214213808572,28.8450802387383
"all_seasons","Count of Significant correlations","All",51,52,2,62,60,50,41,11,21,40,7,36,39,61,33,62,45,64,35,37,25,39,10,50
"all_seasons","Sum of absolute significant correlations","All",12.8054436016058,12.5205294473301,0.435613618950092,15.1012288308351,14.6796974793591,12.4634053787094,10.0171345038805,2.54408266391246,5.15846500373857,9.5106240424184,1.40562857440236,9.42609193272339,9.74850902114934,16.0459075088887,8.16877802026653,16.5719176971894,10.8626297005402,17.4337579197776,9.07904731629485,9.66710583536019,6.00674023049016,10.1160819572967,2.21352383868695,13.2160774378251
"curr_growing_season_only","Sum of all absolute correlations","All",8.76191558844222,8.0119258530475,1.26220092342728,10.69737140089,10.6572560580009,9.73491294573244,8.54190111147409,5.42638386256645,7.93337294686007,9.43087877737673,4.97737436593836,9.23934043978369,8.46171695738759,11.6118754105786,8.43821860832931,10.9289207483894,9.29219965668172,12.018499397007,8.74392405749177,9.30432571088517,8.20408419255685,10.7647323971684,5.18451372912481,10.771406375589
"curr_growing_season_only","Count of Significant correlations","All",16,20,1,31,32,26,21,9,15,24,4,21,18,31,17,28,23,29,15,21,18,27,8,27
"curr_growing_season_only","Sum of absolute significant correlations","All",4.24187285045419,4.60888995441944,0.176323282451215,7.71568140508209,7.94063248497432,6.46910457734657,4.96957134646445,2.04497116093041,3.84833907314966,6.03113773110241,0.750064434088174,5.42058589710477,4.52597739635776,8.77393717118251,4.1403814450992,8.13098607260287,5.58072409929229,8.81793211688591,4.0569275788124,5.54096629799878,4.5768626422165,7.31305566697043,1.74768517056588,7.38203656836723
