"season","Summary_type","Species","cld","dtr","frs","pet","pet_sum","PETminusPRE","pre","tmn","tmp","tmx","vap","wet","PCP","PDSI","PDSI_prewhiten","PHDI","PHDI_prewhiten","PMDI","PMDI_prewhiten","SP01","TAVG","TMAX","TMIN","ZNDX"
"all_seasons","Sum of all absolute correlations","All",33.1213643964899,36.0847339584763,14.4052932520684,38.0554572603254,38.0462465447049,35.6401225639079,34.462925710132,29.8810217837639,32.4438103796545,34.8191015391944,32.9744729272531,33.834602712021,34.5154119830441,46.6283310813151,37.4199363684692,44.3177176383533,35.9062665273478,44.1769700255418,36.1928594831097,36.0371815834994,32.2873891026931,35.636590102915,29.7587127814615,37.5557570321487
"all_seasons","Count of Significant correlations","All",21,27,15,33,33,28,29,16,16,21,9,23,28,45,36,45,33,43,31,27,15,26,16,36
"all_seasons","Sum of absolute significant correlations","All",7.03844853598358,9.45755364838299,4.64317437126411,12.2130781436932,12.1566193467795,10.7174833851416,10.8265706456227,5.31618866081415,5.73732178130319,7.52779778637966,3.22442754627314,8.24127598788193,10.2301520270365,18.5168742864958,13.3984463038461,17.2391096523052,11.2189804844769,17.1942752858025,11.3840360941112,10.1043971220647,5.28913947201811,8.99580559424516,5.38419264380252,13.5256194182869
"curr_growing_season_only","Sum of all absolute correlations","All",7.65719499491294,8.80815951678155,3.15034022643385,10.0423934490412,10.1192235104243,12.805602936565,12.5225030138436,8.54504848725928,9.74618349574648,10.9004845139345,7.16597418977758,10.9266816952578,11.6079302094038,15.936060485522,13.4560198414051,14.1442637789237,12.2256309855976,15.0791190319198,12.756351742709,12.4746957756824,9.26445103779776,11.3072972583915,8.45191935592464,13.3651038834523
"curr_growing_season_only","Count of Significant correlations","All",5,8,8,12,12,21,21,8,9,12,1,15,17,23,22,21,19,23,21,17,8,15,6,21
"curr_growing_season_only","Sum of absolute significant correlations","All",1.74147876376113,3.01608743259571,2.60889532119545,4.13436027756171,4.10954973794736,8.21972666841618,8.21425246389272,2.82598143354585,3.20293773571348,4.10994278559788,0.339378544899564,5.6242827742078,6.65267126996986,10.265060652504,8.62235669720003,8.77408337677615,7.0446413635955,10.0628508618269,8.11823918784008,6.87548813751325,2.83216557286344,5.00262806146412,2.20654414548401,8.77683767705904
