"season","Summary_type","Species","cld","dtr","frs","pet","pet_sum","PETminusPRE","pre","tmn","tmp","tmx","vap","wet","PCP","PDSI","PDSI_prewhiten","PHDI","PHDI_prewhiten","PMDI","PMDI_prewhiten","SP01","TAVG","TMAX","TMIN","ZNDX"
"all_seasons","Sum of all absolute correlations","All",35.8043555425271,33.5459143632432,15.976537592328,32.4965296825963,32.5261190293419,35.573446185812,36.5629298879524,32.1688800866503,32.8599420499455,33.1940558990552,30.4788471868454,37.4434365529176,35.5481420381018,36.4995816821839,34.4545574573999,39.8962473663615,32.9113712391688,39.7086036303179,35.1713570574401,36.3458077563013,34.8344659876287,35.9388349656657,33.0961892253459,34.5064041223044
"all_seasons","Count of Significant correlations","All",22,12,9,10,10,14,17,14,13,10,12,15,20,10,16,18,14,17,21,19,18,15,15,19
"all_seasons","Sum of absolute significant correlations","All",8.58559338063478,4.50655443011289,2.98558041605995,3.59691302742468,3.63979356935071,5.36153075687032,6.41497100885565,5.59723775713459,5.4278234005564,4.2781153220282,4.92897879450606,5.99243221239727,7.64017002671465,3.72175677686774,5.83000649127739,6.52354516109762,5.08337998286322,6.51141686082914,8.34432326790094,7.30233986688382,6.89870958964445,5.78600725802994,6.21478140820035,7.38028465947538
"curr_growing_season_only","Sum of all absolute correlations","All",7.77194663497642,7.61949294739783,1.57123184778787,7.25621865359942,7.22028916172319,8.23169245123903,8.93602125808695,8.50641383004869,7.87350955785044,7.34220156665424,7.15837553305284,10.1112198947048,8.51662739453574,8.69122245222309,7.53612057139687,8.98243847726205,7.73873285741211,9.89897979540034,7.68332767848423,9.25782196546768,8.96230634018694,9.46141794968781,8.4837040548743,9.08141943267436
"curr_growing_season_only","Count of Significant correlations","All",4,2,0,3,3,4,4,4,3,2,2,2,7,0,7,4,6,1,5,8,4,3,4,6
"curr_growing_season_only","Sum of absolute significant correlations","All",1.42426436033444,0.652205212132133,NA,1.00349927663096,1.02411251691384,1.40802229210189,1.38601843014999,1.78074292390776,1.32761892739521,0.872193273295985,0.732625133467996,0.91381269353362,2.50813973310868,NA,2.34294119702355,1.44979998969646,1.96353950102878,0.357602836387718,1.77936048958141,2.80268684494962,1.69057391339404,1.23984660385162,1.8830487221921,2.28303006041074
