"season","Summary_type","Species","cld","deficit","dtr","frs","pet","pet_sum","pre","tmn","tmp","tmx","vap","wet"
"all_seasons","Sum of all absolute correlations","All",35.7841701311367,35.8215409827187,33.3243757649554,15.9466903298203,32.6004331974245,32.474172455361,36.5451552338346,32.1447594521983,33.0621613246604,33.4552865735964,30.3475711297729,37.8651203731879
"all_seasons","Count of Significant correlations","All",21,14,13,9,9,10,19,13,11,10,11,18
"all_seasons","Sum of absolute significant correlations","All",8.25794842600094,5.3233468986843,4.64082122199622,2.99397570330691,3.27226793764212,3.63057695817219,7.28572766795137,5.29959779865574,4.6795428850916,4.27646219602658,4.64551312989757,6.97616303010314
"curr_growing_season_only","Sum of all absolute correlations","All",7.5712474042275,8.43534716954293,7.49955130321752,1.64720712419782,7.3356960391415,7.34713056188718,9.05829103915218,8.37288424886171,7.9073967271832,7.50335987898987,7.15635011696167,10.3228618783449
"curr_growing_season_only","Count of Significant correlations","All",5,4,3,0,2,3,6,4,2,2,1,4
"curr_growing_season_only","Sum of absolute significant correlations","All",1.74171826429991,1.4184444220763,0.950550690043271,NA,0.6611616232692,1.00069756772133,2.13031178552742,1.80294946741093,0.889520633694191,0.855062583408728,0.392800175154319,1.50115315552256
