"season","Summary_type","Species","cld","dtr","frs","pet","pet_sum","PETminusPRE","pre","tmn","tmp","tmx","vap","wet","PCP","PDSI","PDSI_prewhiten","PHDI","PHDI_prewhiten","PMDI","PMDI_prewhiten","SP01","TAVG","TMAX","TMIN","ZNDX"
"all_seasons","Sum of all absolute correlations","All",35.9740070785996,33.3846471929837,15.9184580779465,32.4223425114094,32.5648985693927,35.6831829522192,36.57454511334,32.1691866160735,32.8694876481915,33.3510207238054,30.3853204006908,37.4702023189443,35.7169293556011,36.8093602482482,34.4859134373204,39.5472135739795,32.6339268534522,39.4995572958822,35.1237945368993,36.3214567020448,34.7876734972225,35.9912779738896,33.4188901214173,34.5735972545212
"all_seasons","Count of Significant correlations","All",24,12,8,11,11,12,19,14,11,11,13,19,20,13,17,15,14,15,19,19,14,15,16,18
"all_seasons","Sum of absolute significant correlations","All",9.20827775287032,4.35827853520954,2.65164566340946,3.95599049913776,4.00176241989322,4.74083989233669,7.1632592192566,5.54082958830639,4.71407690368198,4.6272086088354,5.22256808950586,7.33372430036954,7.57610153945342,4.58621703042863,6.19972644369687,5.53191964739913,5.07848552002747,5.75939694032962,7.48044466013734,7.32236469522969,5.63845938873655,5.86452973725899,6.62986007858595,6.96498008102291
"curr_growing_season_only","Sum of all absolute correlations","All",7.67685667388245,7.49111656327948,1.55165632685043,7.31527479728657,7.16714442101247,8.36892994927444,9.04703250633505,8.50008113556173,7.84225448234411,7.39687520662948,7.09856977268795,10.1745057000708,8.54571594694986,8.70440028723568,7.459809445289,8.8620705407471,7.61719858736438,9.73114808674972,7.73359126603214,9.20306422041574,8.95758551722852,9.55867328722002,8.56206637644262,9.26867316889611
"curr_growing_season_only","Count of Significant correlations","All",5,3,0,3,3,3,5,4,2,2,3,5,5,1,6,3,6,2,6,8,3,3,4,6
"curr_growing_season_only","Sum of absolute significant correlations","All",1.73501939214671,0.944626225168125,NA,1.00581807680273,1.01005254501093,1.05642339346322,1.73580993858916,1.78496576406176,0.901350974685714,0.873057696530984,1.04642337201885,1.85626029902648,1.84742602603246,0.352675407988722,2.03970315078742,1.10924205723473,1.94875879356283,0.637910490765847,2.0725310602125,2.83228493583096,1.35186045081027,1.24800021685513,1.90095298058276,2.29746397834284
