"season","Summary_type","Species","cld","dtr","frs","pet","pet_sum","PETminusPRE","pre","tmn","tmp","tmx","vap","wet","PCP","PDSI","PDSI_prewhiten","PHDI","PHDI_prewhiten","PMDI","PMDI_prewhiten","SP01","TAVG","TMAX","TMIN","ZNDX"
"all_seasons","Sum of all absolute correlations","All",35.8332926323804,33.5942440685953,15.9216896792611,32.4373823137472,32.3968926986684,35.519622737199,36.3833425738257,32.2596848943318,32.7967228437986,33.4258777583826,30.4433099282594,37.6761419851171,35.4695363466178,36.2132688309385,34.5133533122723,39.175065877343,32.7703664914277,39.6404958711452,35.2945965984426,36.2914444184385,34.4308230445139,36.2160214641371,33.1633089580871,34.8018255065146
"all_seasons","Count of Significant correlations","All",23,15,9,9,9,13,19,15,11,11,12,19,21,9,17,19,14,19,20,18,16,13,16,18
"all_seasons","Sum of absolute significant correlations","All",8.83627874542215,5.28163648141359,2.98278225532395,3.31640101799733,3.32273411457891,5.13260991352739,7.20994235469986,5.77915292835812,4.67574489831842,4.62356588715354,4.9389835671242,7.34257751926846,7.96795768065106,3.37029894002205,6.05315748695265,6.8646580334069,5.08217150505844,7.07132025912926,7.74365874599848,6.97468886582717,6.2576486787717,5.12804670708175,6.60766197055968,7.01681622774561
"curr_growing_season_only","Sum of all absolute correlations","All",7.6684656411805,7.58075847249788,1.66104601888295,7.34704723489367,7.23121094363849,8.32847233122957,8.94067989074269,8.49343388177946,7.83083342118181,7.44948668154847,7.23110445834006,10.1912273430406,8.4865531107457,8.74498295338203,7.43056167556769,8.95109702994629,7.69598712661019,10.1155544835623,7.86252286293344,9.25477945705215,8.81564657426695,9.52727930465064,8.45729635390924,9.3368599554343
"curr_growing_season_only","Count of Significant correlations","All",3,3,0,3,3,2,5,5,2,2,2,4,6,0,6,4,6,4,7,7,4,3,4,6
"curr_growing_season_only","Sum of absolute significant correlations","All",1.00847927963511,0.932922672136732,NA,1.01307762034423,1.01335739678494,0.755699760028167,1.72738534714496,2.02036525739564,0.898284367501318,0.871718211959425,0.735113481734463,1.48285118127072,2.18316502674486,NA,2.05198306485175,1.46081804553148,1.96527616606872,1.33182476771122,2.33011376531946,2.46565936765197,1.66090033314528,1.2388023512692,1.89947306718995,2.2931084343096
