"season","Summary_type","Species","cld","deficit","dtr","frs","pet","pet_sum","pre","tmn","tmp","tmx","vap","wet"
"all_seasons","Sum of all absolute correlations","All",28.9204169844126,26.9645269900823,27.9752138723663,8.53156149248597,30.0401485497101,29.9058411892186,25.2315418409739,18.3969566368441,22.1437577366067,25.2587825368069,16.5048549933873,26.1788702262669
"all_seasons","Count of Significant correlations","All",43,35,39,2,47,48,34,11,21,33,6,35
"all_seasons","Sum of absolute significant correlations","All",11.5369955554644,9.71607285601904,9.79901130325862,0.457413650303868,12.3525036904745,12.5361425014183,9.21243314029465,2.66314457353565,5.11705800679907,7.99377396337917,1.32884384999463,9.5027784271654
"curr_growing_season_only","Sum of all absolute correlations","All",7.74618017984656,9.90120972781261,6.68876774207623,1.54035286629057,9.1209439862349,9.0702197956703,9.10906063601829,5.64301934547792,7.73971692783996,8.61022469434862,4.96838605636269,9.57266775851633
"curr_growing_season_only","Count of Significant correlations","All",15,18,12,1,18,17,17,7,14,16,3,20
"curr_growing_season_only","Sum of absolute significant correlations","All",3.95458329903227,5.09827344803202,2.86946599710827,0.179867112616662,4.6390033809039,4.43094718344422,4.67028482468774,1.72410697037444,3.55826627643589,4.19752020249065,0.659395454747705,5.40802888234937
